Feature set,Model,CV ROC-AUC,CV F1,CV Recall
All features (11 raw + MaxHR_pct_predicted),Logistic Regression,0.9202110081500503,0.8619853015201852,0.8646153846153848
All features (11 raw + MaxHR_pct_predicted),Random Forest,0.9279602545495143,0.8666177521097429,0.8861538461538462
Drop RestingBP,Logistic Regression,0.9192117896617171,0.8646984798147589,0.8646153846153848
Drop RestingBP,Random Forest,0.9260170816121469,0.86179855077144,0.8800000000000001
Drop RestingECG,Logistic Regression,0.9208451490454393,0.8668034291290105,0.8707692307692309
Drop RestingECG,Random Forest,0.9248236016523389,0.8648762005250177,0.8830769230769231
Drop Cholesterol,Logistic Regression,0.9208038405716199,0.8664184410550689,0.8676923076923078
Drop Cholesterol,Random Forest,0.9261890141788545,0.8565409758562789,0.8800000000000001
Drop RestingBP + RestingECG + Cholesterol,Logistic Regression,0.921434632131294,0.8633176658612705,0.8646153846153848
Drop RestingBP + RestingECG + Cholesterol,Random Forest,0.9211337501395557,0.8496354589785409,0.8676923076923078
