Age,Sex,ChestPainType,RestingBP,Cholesterol,FastingBS,RestingECG,MaxHR,ExerciseAngina,Oldpeak,ST_Slope
37,M,ASY,130.0,315.0,0,Normal,158,N,0.0,Up
46,M,ATA,140.0,275.0,0,Normal,165,Y,0.0,Up
64,M,TA,170.0,227.0,0,LVH,155,N,0.6,Flat
59,M,ASY,110.0,,1,Normal,94,N,0.0,Flat
47,M,ASY,150.0,226.0,0,Normal,98,Y,1.5,Flat
41,M,ATA,120.0,295.0,0,Normal,170,N,0.0,Up
48,M,ATA,110.0,229.0,0,Normal,168,N,1.0,Down
69,F,TA,140.0,239.0,0,Normal,151,N,1.8,Up
52,M,TA,152.0,298.0,1,Normal,178,N,1.2,Flat
35,M,NAP,123.0,161.0,0,ST,153,N,-0.1,Up
60,M,NAP,180.0,,0,ST,140,Y,1.5,Flat
52,M,ATA,120.0,284.0,0,Normal,118,N,0.0,Up
57,M,NAP,150.0,126.0,1,Normal,173,N,0.2,Up
72,M,ASY,160.0,123.0,1,LVH,130,N,1.5,Flat
59,F,ASY,130.0,338.0,1,ST,130,Y,1.5,Flat
53,M,ASY,130.0,182.0,0,Normal,148,N,0.0,Up
57,M,ATA,140.0,260.0,1,Normal,140,N,0.0,Up
52,M,ASY,112.0,230.0,0,Normal,160,N,0.0,Up
64,M,ASY,141.0,244.0,1,ST,116,Y,1.5,Flat
76,M,NAP,104.0,113.0,0,LVH,120,N,3.5,Down
62,M,NAP,138.0,204.0,0,ST,122,Y,1.2,Flat
66,F,NAP,146.0,278.0,0,LVH,152,N,0.0,Flat
64,F,ASY,95.0,,1,Normal,145,N,1.1,Down
68,F,NAP,120.0,211.0,0,LVH,115,N,1.5,Flat
55,M,ASY,150.0,160.0,0,ST,150,N,0.0,Up
58,M,ASY,128.0,259.0,0,LVH,130,Y,3.0,Flat
63,M,ASY,136.0,,0,Normal,84,Y,0.0,Flat
50,F,ATA,110.0,202.0,0,Normal,145,N,0.0,Up
64,M,ASY,110.0,,1,Normal,114,Y,1.3,Down
39,M,ATA,130.0,215.0,0,Normal,120,N,0.0,Up
56,F,ASY,134.0,409.0,0,LVH,150,Y,1.9,Flat
38,M,ASY,120.0,282.0,0,Normal,170,N,0.0,Flat
71,F,ATA,160.0,302.0,0,Normal,162,N,0.4,Up
50,F,NAP,120.0,219.0,0,Normal,158,N,1.6,Flat
61,M,ASY,120.0,282.0,0,ST,135,Y,4.0,Down
61,M,TA,142.0,200.0,1,ST,100,N,1.5,Down
55,M,ASY,160.0,289.0,0,LVH,145,Y,0.8,Flat
50,M,ASY,150.0,215.0,0,Normal,140,Y,0.0,Up
57,M,ASY,140.0,,0,Normal,120,Y,2.0,Flat
57,M,ASY,152.0,274.0,0,Normal,88,Y,1.2,Flat
38,M,NAP,115.0,,0,Normal,128,Y,0.0,Flat
55,M,ASY,140.0,217.0,0,Normal,111,Y,5.6,Down
37,M,ASY,120.0,223.0,0,Normal,168,N,0.0,Up
52,M,ASY,130.0,,1,Normal,120,N,0.0,Flat
46,F,ATA,105.0,204.0,0,Normal,172,N,0.0,Up
41,F,ATA,110.0,250.0,0,ST,142,N,0.0,Up
37,F,ASY,130.0,173.0,0,ST,184,N,0.0,Up
44,M,ATA,130.0,215.0,0,Normal,135,N,0.0,Up
74,M,TA,145.0,216.0,1,Normal,116,Y,1.8,Flat
66,M,ATA,160.0,246.0,0,Normal,120,Y,0.0,Flat
64,M,ASY,130.0,258.0,1,LVH,130,N,0.0,Flat
42,M,NAP,130.0,180.0,0,Normal,150,N,0.0,Up
32,M,TA,95.0,,1,Normal,127,N,0.7,Up
56,M,NAP,125.0,,1,Normal,98,N,-2.0,Flat
51,M,NAP,94.0,227.0,0,Normal,154,Y,0.0,Up
43,M,ASY,120.0,175.0,0,Normal,120,Y,1.0,Flat
58,M,ASY,114.0,318.0,0,ST,140,N,4.4,Down
53,M,NAP,120.0,195.0,0,Normal,140,N,0.0,Up
56,M,ATA,130.0,221.0,0,LVH,163,N,0.0,Up
48,M,ASY,160.0,268.0,0,Normal,103,Y,1.0,Flat
60,F,ASY,158.0,305.0,0,LVH,161,N,0.0,Up
36,M,ATA,120.0,267.0,0,Normal,160,N,3.0,Flat
69,M,ASY,142.0,210.0,1,ST,112,Y,1.5,Flat
49,M,NAP,115.0,265.0,0,Normal,175,N,0.0,Flat
75,M,ASY,160.0,310.0,1,Normal,112,Y,2.0,Down
43,F,ATA,120.0,266.0,0,Normal,118,N,0.0,Up
55,M,ATA,120.0,256.0,1,Normal,137,N,0.0,Up
70,M,ASY,145.0,174.0,0,Normal,125,Y,2.6,Down
54,F,ATA,150.0,230.0,0,Normal,130,N,0.0,Up
47,M,NAP,138.0,257.0,0,LVH,156,N,0.0,Up
34,M,ATA,150.0,214.0,0,ST,168,N,0.0,Up
51,F,ATA,160.0,194.0,0,Normal,170,N,0.0,Up
71,M,ASY,130.0,221.0,0,ST,115,Y,0.0,Flat
40,M,NAP,130.0,281.0,0,Normal,167,N,0.0,Up
53,M,ASY,144.0,300.0,1,ST,128,Y,1.5,Flat
60,M,ASY,152.0,,0,ST,118,Y,0.0,Up
55,M,ASY,132.0,353.0,0,Normal,132,Y,1.2,Flat
68,M,NAP,150.0,195.0,1,Normal,132,N,0.0,Flat
56,M,ASY,128.0,223.0,0,ST,119,Y,2.0,Down
69,M,ASY,145.0,289.0,1,ST,110,Y,1.8,Flat
51,F,NAP,140.0,308.0,0,LVH,142,N,1.5,Up
53,M,ASY,120.0,,1,Normal,120,N,0.0,Flat
62,M,ASY,135.0,297.0,0,Normal,130,Y,1.0,Flat
56,F,NAP,130.0,219.0,0,ST,164,N,0.0,Up
58,F,ATA,136.0,319.0,1,LVH,152,N,0.0,Up
63,M,ATA,139.0,217.0,1,ST,128,Y,1.2,Flat
59,M,ASY,178.0,,1,LVH,120,Y,0.0,Flat
59,M,ASY,140.0,264.0,1,LVH,119,Y,0.0,Flat
55,M,ASY,135.0,204.0,1,ST,126,Y,1.1,Flat
53,M,ASY,180.0,285.0,0,ST,120,Y,1.5,Flat
50,F,ASY,120.0,328.0,0,Normal,110,Y,1.0,Flat
58,M,ASY,140.0,385.0,1,LVH,135,N,0.3,Up
41,M,ASY,120.0,336.0,0,Normal,118,Y,3.0,Flat
55,M,NAP,136.0,228.0,0,ST,124,Y,1.6,Flat
63,M,ASY,160.0,230.0,1,Normal,105,Y,1.0,Flat
67,F,ASY,106.0,223.0,0,Normal,142,N,0.3,Up
48,F,ASY,138.0,214.0,0,Normal,108,Y,1.5,Flat
55,M,ASY,120.0,226.0,0,LVH,127,Y,1.7,Down
44,M,ASY,150.0,412.0,0,Normal,170,N,0.0,Up
54,F,ATA,120.0,230.0,1,Normal,140,N,0.0,Up
